driverId,name,ssn,location,certified,wage-plan
10,Jeffrey Moore,871-05-0723,"Unit 1136 Box 0271
DPO AP 58025",Y,hours
11,Craig Owens,348-85-9644,"143 Glenn Drive Suite 687
West Ryanstad, LA 50723",Y,miles
12,Sharon Carr,604-46-9659,"9633 Bullock Circle Suite 620
Morrisonside, DC 75414",Y,hours
13,Shannon Brown,383-84-5147,"49006 Anthony Ports Suite 917
East Samuel, MT 96655",N,hours
14,Denise Campos,441-59-9647,"64269 Estes Branch
Piercehaven, PW 93722",N,hours
15,Kimberly Mullins,140-95-9104,"Unit 5206 Box 1084
DPO AP 80954",N,miles
16,Tonya Green,081-93-8094,"32288 Moss Mews Apt. 972
Murraytown, OR 79378",N,hours
17,Heidi Glover,072-66-8050,"064 Strong Ramp
Port Carlos, KY 84846",N,miles
18,Mitchell Johnson,691-96-9130,"5111 Tran Springs Suite 450
Robertsshire, SD 25562",Y,miles
19,Jessica Pearson,235-62-3186,"Unit 4632 Box 2939
DPO AA 30531",N,miles
20,Samantha Rodriguez,014-66-3371,"648 Hill Path
Port Shelly, SC 06975",Y,miles
21,Kurt Silva,418-05-5211,"53807 Smith Tunnel Apt. 378
Lake Jonathan, TN 94164",Y,miles
22,Eric Chavez,815-52-8584,"3369 Brian Island Suite 163
North Brandon, NV 44980",Y,miles
23,Russell Andrews,063-60-3401,"5960 Smith Camp Apt. 810
West Ashley, ND 67847",N,miles
24,Jimmy Merritt,171-06-0765,"975 Kayla Court
Hallstad, NC 12737",Y,hours
25,Christopher Smith,039-49-7190,"3300 Ashley Coves Suite 091
Wolfeberg, LA 39817",Y,hours
26,Daniel Davidson,474-69-9220,"22681 Bennett Overpass
West Heathertown, RI 86167",N,hours
27,Alan Merritt,419-44-7046,"84519 Mcdonald Land
South Rhonda, VI 35325",N,miles
28,Stephanie Rowe,146-29-7521,"7617 Hansen Summit
West Melissabury, AK 08450",Y,miles
29,Patricia Smith,789-70-3905,"900 Miller Stream Suite 154
Carolview, ME 33221",Y,hours
30,Zoe Ford,335-05-6715,"5129 Daniel River Suite 496
Elizabethland, AS 85576",Y,miles
31,Michael Sawyer,742-32-9731,"398 Payne Overpass Suite 206
West Matthew, VI 45911",N,miles
32,Bobby Brown,239-40-9601,"13721 Hall Cliff Suite 516
Tannerbury, HI 35477",N,hours
33,Chelsea Garrison,738-60-0797,"8609 Edward Extension Suite 768
West Dawn, AL 14287",N,hours
34,Michael Rasmussen,359-09-7888,"786 Luis Track
South Melissastad, MO 48758",Y,hours
35,Whitney Robinson,465-68-9612,"3369 Davis Camp Apt. 249
Sanchezmouth, NC 28250",N,miles
36,Leslie Davis,629-47-4099,"796 Matthew Skyway Apt. 126
East Aaron, NJ 78240",Y,hours
37,Jermaine Benton,291-82-5750,"0971 Justin Highway Suite 982
Craigland, GA 59129",Y,hours
38,Lisa Lozano,502-73-8254,"89962 Smith Common Apt. 677
North Donaldchester, TX 13813",Y,hours
39,Christopher Edwards,877-48-4747,"944 Mikayla Via Apt. 883
New Mario, AK 97319",Y,hours
40,Barry Abbott,688-39-2097,"USS Smith
FPO AE 77565",N,miles
41,Jeremiah Wolfe,338-07-1401,"5967 Davis Knolls Suite 684
Tranview, SC 22624",Y,miles
42,Mrs. Rachel Johnson,659-40-8596,"391 Douglas Drive
South Julieton, PW 18876",N,hours
43,James Underwood,053-85-4030,"39547 Jake Shore
Lake Scott, KY 97002",Y,hours
44,Michael Kent,529-52-3986,"19339 Brown Fields Suite 484
Lake Anthony, NE 02440",N,miles
45,Terry Myers,117-93-6572,"239 Mark Row Apt. 259
Carmenchester, VA 50905",N,hours
46,Darryl Horton,254-77-1302,"7114 Alyssa Lane Apt. 187
Port Jessicaside, FM 49409",Y,hours
47,Katherine Villegas,878-29-8118,"111 Jones Fields Suite 250
West Alextown, VI 14890",N,hours
48,Hayden Davis,453-55-8252,"29309 Lindsay Loaf Apt. 257
Brookefurt, NM 55044",Y,hours
49,Michael Brown,224-45-0355,"983 Marie Estates Apt. 568
Lake Connor, WV 37173",N,hours
50,Xavier Foster,280-39-1948,"999 Michael Inlet Suite 088
Port Charlesport, OH 79872",N,miles
51,Ryan Le,317-28-9508,"692 Christopher Extensions Suite 678
East Gregorymouth, GU 33590",Y,miles
52,Caroline Juarez,527-95-0785,"0773 George Junction
South Kimberly, PW 68287",N,miles
53,Nancy Wright,709-90-8323,"083 Todd Plaza
South Ricky, NC 23740",N,miles
54,Angela Wilson,474-41-5625,"0703 Stephanie Fields Suite 639
Port Michael, ND 78330",N,hours
55,Timothy Hobbs,419-82-0350,"415 Murphy Gateway Suite 905
Jacobland, WI 83263",Y,hours
56,Christopher Wu,519-21-7702,"2068 Sandra Cliff
Lake Karenfort, AL 38928",Y,miles
57,Stephanie Ramsey,174-25-8625,"1386 Sanchez Mission Apt. 071
Port Douglas, KS 72646",Y,hours
58,Timothy Nguyen,499-96-0216,"88564 Barron Mission
Woodton, CT 53557",Y,hours
59,Daniel Davis,559-18-9825,"956 Mathis Street Apt. 945
Bakerton, OR 84143",Y,miles
60,Kenneth Ellis,741-23-5166,"3537 Browning Summit Suite 266
New Michael, MT 79740",Y,hours
61,Dawn Taylor,347-30-0733,"02952 Jesus Mill
Bergmouth, AZ 90610",N,miles
62,Ashley Kelly,584-95-6899,"42706 Charles Points Apt. 562
West Meganborough, TN 48597",Y,miles
63,Anthony Campbell,004-91-2503,"9945 Schneider Skyway Suite 552
South Patrickville, NM 08268",Y,hours
64,Erika Lambert,431-16-3535,"6942 Sharon Springs
North Stephanieville, DC 88770",N,hours
65,Kyle Morris,072-81-7227,"389 Brandon Roads Apt. 935
Stephensshire, CO 08318",Y,hours
66,Desiree Hughes,508-46-1343,"59432 Paul Brook
North Ericfurt, MI 75372",N,miles
67,Joanne King,615-98-0610,"PSC 3751, Box 3148
APO AP 74002",N,hours
68,Amanda Hopkins,516-79-0974,"44802 Rebecca Squares
Cindymouth, MP 40232",N,hours
69,Megan Griffin,872-36-0785,"1667 Johnson Mountain
Austinchester, LA 60115",Y,miles
70,Melanie Harris,679-84-5560,"12386 Ramirez Dale
Stewartside, VT 08354",Y,miles
71,Dylan Hubbard,005-48-2233,"1279 Amanda Squares Apt. 747
West Alexandershire, WA 04636",N,hours
72,Jennifer Ashley,701-43-4089,"622 Bryan Neck
Davisfurt, TX 62066",N,hours
73,Melanie Wells,471-77-9357,"9277 Hughes Tunnel
Molinaland, AL 17523",Y,miles
74,Brian Phillips,412-40-6237,"98712 Christian Mountain
South Kevinton, HI 49297",Y,miles
75,Erica Hunt,350-49-2205,"83683 Jones Plaza
Jonbury, NJ 19861",Y,hours
76,Lisa Buckley,511-88-8314,"166 Bobby Manors Apt. 157
Lake Nancy, ID 11696",N,hours
77,Katherine West,714-73-4308,"422 Skinner Fork
New Johnnyton, ME 83297",Y,miles
78,Katie Carson DDS,343-15-3822,"569 Angela Row
West Gregoryville, DE 24073",Y,miles
79,Lisa Anderson,593-58-0264,"0421 Samantha Vista
New Michaeltown, MP 86557",Y,hours
80,Adam Payne DDS,819-78-0767,"134 Mathews Valley Apt. 783
New Brian, MH 08531",N,miles
81,John Parker,026-69-2088,"521 Christopher Trail
Randymouth, IN 55356",N,miles
82,Carrie Farmer,620-03-9089,"Unit 9649 Box 4306
DPO AP 54295",Y,miles
83,Kelly Adams,169-37-5996,"PSC 9405, Box 8065
APO AE 24295",Y,miles
84,David Harris,035-63-5247,"47735 Harvey Cliffs
West Steven, KY 36068",N,hours
85,Molly White,764-41-4938,"308 Stephanie Street Apt. 976
Doyleside, MS 63239",N,miles
86,Gary Parsons,619-16-7748,"926 Ball Road
Jacobhaven, AZ 34518",N,hours
87,Craig Pham,853-36-3760,"120 Daniels Harbors
North Tiffanyport, AS 49575",Y,hours
88,Peter Maynard,546-21-9443,"7529 Clarke Green Suite 331
New Stuarttown, IA 50744",N,miles
89,David Villegas,160-51-7999,"342 Perkins Estate
South Erintown, NC 53951",Y,miles
90,Joseph Chen,882-11-0844,"Unit 8278 Box 2210
DPO AE 50101",Y,hours
91,Anne Rivera,289-35-3380,"1265 Stephen Summit
Deborahmouth, VI 81343",Y,miles
92,Bob Hubbard,102-71-9028,"7422 Newman Bypass Suite 621
Jacquelineberg, MS 42591",N,hours
93,Michael Pittman,541-35-8958,"9530 Carter Station
Williamburgh, MH 37766",Y,miles
94,Ronald Mcguire,447-75-7916,"USNS Duncan
FPO AE 22632",Y,hours
95,Micheal Phillips,032-49-0006,"60937 Shawn Loop
South Olivia, OR 64262",Y,miles
96,Bridget Wolf,557-91-9867,"63460 Hall Mill Apt. 923
Phelpsstad, PR 59588",Y,miles
97,Kayla Romero,361-71-3961,"37564 Hale Radial
North Beverlyville, RI 27415",N,miles
98,Robert Roy,017-81-8353,"79716 Laura Island Suite 941
Gonzaleztown, ND 56838",Y,miles
99,Jennifer Mcbride,588-30-1691,"09868 French Trail
South Chrisfurt, RI 64800",Y,hours
100,Benjamin Richardson,240-50-2841,"239 Monica Hills Suite 925
New Kenneth, TX 26060",N,miles
101,Tracy Thompson,697-76-1651,"43645 Thomas Station
Lake Loribury, ME 67174",Y,miles
102,Lindsey Williams,437-35-2862,"2012 Miller Avenue
Collinston, NY 42783",Y,hours
103,Thomas Dunlap,229-54-1916,"5081 Deborah Via
East Christopher, MD 44654",Y,hours
104,Alexander Stuart,387-19-6693,"30241 Williams Ports
Lauraport, MH 70258",N,miles
105,Amanda Morales,031-92-9156,"892 Davis Lodge Apt. 844
Patrickhaven, ME 39217",Y,hours
106,Natasha Rubio,141-29-7121,"60689 Joel Roads
Alejandroland, MS 50879",N,hours
107,Emily Brown,832-42-0688,"181 Brandon Junction Suite 319
New Rebecca, WY 87724",N,miles
108,Christopher Boyd,571-19-5397,"296 Mcguire Isle Suite 192
Port Lucas, MI 16861",N,hours
109,Sarah Preston,530-81-7287,"1030 Logan Green
Robinsonberg, IN 73058",Y,miles
